"","male.white.0.9","female.white.0.9","male.all.0.9","female.all.0.9","male.white.10.14","female.white.10.14","male.all.10.14","female.all.10.14","male.white.15.19","female.white.15.19","male.all.15.19","female.all.15.19","male.white.20.24","female.white.20.24","male.all.20.24","female.all.20.24","male.white.25.34","female.white.25.34","male.all.25.34","female.all.25.34","male.white.35.44","female.white.35.44","male.all.35.44","female.all.35.44","male.white.45.54","female.white.45.54","male.all.45.54","female.all.45.54","male.white.55.64","female.white.55.64","male.all.55.64","female.all.55.64","male.white.65.74","female.white.65.74","male.all.65.74","female.all.65.74","male.white.75.","female.white.75.","male.all.75.","female.all.75."
"6001",1021,1010,1172.16,1105.48,639,771,719.28,905.35,576,534,692.64,590.86,247,182,301.92,219.19,559,579,621.6,619.45,925,1029,1003.44,1200.78,1533,1807,1687.2,1944.12,1192,1179,1296.48,1277.02,676,801,692.64,838.64,685,773,683.76,819.58
"6002",109,193,832.5,628.32,139,119,582.75,617.1,160,69,601.25,493.68,323,263,804.75,729.3,222,333,915.75,1122,244,339,1082.25,1110.78,521,657,1304.25,2064.48,645,732,1211.75,1716.66,542,609,1054.5,1279.08,625,1027,851,1481.04
"6010",3107,2679,3848.13,3519.978,1379,1358,1746.459,1667.358,1314,1337,1539.252,1605.604,1516,1375,1924.065,1605.604,3523,3312,4321.746,3859.625,3909,3801,4469.751,4384.534,4407,4673,4736.16,4909.443,3413,3424,3670.524,3643.486,1727,2304,1805.661,2377.529,1495,3311,1568.853,3396.47
"6013",739,498,772.768,497.34,390,344,391.096,368.4,263,326,263.872,336.165,148,130,146.072,128.94,230,305,268.584,308.535,750,818,777.48,819.69,898,844,904.704,847.32,622,768,687.952,773.64,333,341,339.264,349.98,161,180,160.208,179.595
"6016",328,289,471.73,367.416,136,324,152.36,367.416,107,86,158.22,139.482,149,176,149.43,176.904,359,287,392.62,404.838,445,368,527.4,408.24,558,630,556.7,700.812,288,392,304.72,408.24,134,209,146.5,227.934,68,199,67.39,197.316
"6018",77,165,86.13,174.51,70,70,70.47,70.635,57,68,57.42,67.865,82,67,82.215,66.48,178,81,185.31,90.025,169,184,169.65,184.205,189,143,189.225,144.04,125,171,165.735,184.205,105,144,104.4,144.04,196,259,195.75,258.995
"6019",345,687,353.475,750.168,395,474,395.892,483.804,257,388,273.354,396.828,266,208,282.78,206.568,301,364,315.771,364.212,702,716,725.802,739.296,934,968,937.887,978.48,716,693,721.089,717.552,392,307,391.179,304.416,323,486,325.197,494.676
"6021",16,18,16.055,17.952,13,4,13.013,4.048,3,14,3.042,14.08,8,10,7.943,10.032,29,22,29.068,22,11,11,10.985,11.088,42,42,42.081,42.064,15,35,15.041,35.024,21,11,20.956,10.912,11,9,11.154,8.976
"6022",0,0,0,0,0,0,0,0,0,6,0,6,7,0,7.004,0,8,8,7.99,34.98,0,0,0,0,0,0,0,0,0,9,0,9,19,10,19.006,10.02,0,0,0,0
"6023",50,74,55.929,74.221,20,0,34.209,0,33,0,33.123,0,34,42,34.209,41.951,100,32,99.912,39.185,33,64,34.209,64.079,40,75,39.639,88.051,88,37,100.455,53.015,87,53,87.423,53.015,25,48,24.978,47.483
"6024",0,30,0,30.02,19,22,19.023,22.12,8,18,7.833,18.17,17,14,17.158,13.825,0,24,0,24.095,19,62,18.65,62.015,160,71,187.992,70.705,55,16,55.204,16.195,39,94,39.165,94.01,28,44,27.975,44.24
"6026",358,223,443.526,276.08,116,135,135.097,145.18,109,81,152.94,111.86,30,25,66.274,42.84,197,276,224.312,309.4,376,308,423.134,357,334,387,395.095,421.26,406,200,407.84,299.88,131,261,137.646,266.56,156,148,168.234,147.56
"6027",106,76,119.132,82.878,35,63,34.684,66.157,41,27,57.304,29.807,46,19,49.764,18.902,67,41,67.106,45.801,92,79,91.988,82.151,118,156,118.378,156.305,124,142,127.426,144.673,56,37,61.074,37.077,28,63,27.898,63.249
"6029",1159,772,1205.435,868.857,550,510,559.944,507.474,518,513,528.836,515.163,268,522,272.195,522.852,781,863,839.916,922.68,1191,1273,1213.212,1299.441,1288,1178,1306.536,1237.929,957,976,972.125,999.57,426,366,435.512,399.828,447,383,451.066,422.895
"6031",72,61,76.998,64.7,32,31,31.926,31.056,15,23,20.032,23.292,47,12,46.95,14.234,68,70,67.608,70.523,71,92,71.364,95.756,102,148,102.038,147.516,103,130,115.81,132.635,72,32,71.99,36.879,21,30,21.284,29.762
"6032",878,684,1051.611,974.034,538,263,625.752,468.639,594,349,634.443,404.316,446,453,547.533,523.773,639,796,773.499,992.412,918,1039,1147.212,1341.594,1071,1245,1225.431,1332.405,1219,1309,1268.886,1323.216,791,862,808.263,891.333,592,912,599.679,946.467
"6033",1455,1257,1684.332,1785.597,976,722,1256.346,826.392,978,878,1118.286,1077.261,429,312,566.046,516.495,841,954,1090.674,1151.046,1712,1678,1974.258,2125.008,2068,2227,2402.244,2641.503,1696,1998,1877.616,2228.307,1023,1158,1021.644,1180.56,727,1196,773.136,1254.345
"6035",527,325,572.686,322.432,262,231,262.145,249.152,241,113,258.112,113.584,155,64,165.353,69.616,516,296,536.389,307.776,348,530,367.003,553.264,761,667,798.534,696.16,628,563,629.148,597.232,198,329,197.617,340.752,252,408,254.079,406.704
"6037",897,868,1030.302,988.176,566,396,733.278,561.904,404,417,464.1,523.152,484,451,501.228,465.024,773,770,816.816,910.672,1275,985,1420.146,1152.872,1377,1748,1503.684,1772.904,1409,1493,1485.12,1491.952,612,792,640.458,823.48,669,999,686.868,997.864
"6039",83,99,94.068,150.414,0,188,9.648,207.548,62,65,62.712,81.62,37,6,46.632,5.83,37,110,44.22,109.604,76,35,77.184,48.972,53,186,84.42,216.876,127,64,127.032,64.13,126,173,126.228,180.73,101,91,131.856,99.11
"6040",1069,1243,1993.433,2456.622,667,518,1005.537,989.982,1077,661,1517.126,953.316,835,706,1252.511,1209.978,1690,1791,2540.304,2823.282,1649,1514,2434.458,2181.627,2166,2211,2628.509,2969.946,2134,1922,2258.048,2144.961,1003,1188,1093.742,1338.309,835,1230,882.05,1301.643
"6042",731,783,1358.406,1290.822,373,242,495.926,317.044,299,414,506.707,520.858,614,574,700.765,781.287,1520,1512,2425.725,2411.799,1085,1032,1574.026,1370.083,1274,1060,1455.435,1324.791,945,1378,1045.757,1619.189,596,810,636.079,883.194,555,744,582.174,803.933
"6043",203,237,211.344,247.4,150,158,158.508,173.18,220,188,218.892,192.972,129,46,183.668,61.85,150,139,173.604,148.44,252,237,261.664,244.926,507,486,518.296,522.014,410,477,410.108,514.592,251,197,251.6,197.92,127,168,128.316,170.706
"6051",905,1042,2650.102,2689.176,536,341,1150.319,960.42,508,476,844.538,1040.455,477,565,990.148,1248.546,1522,1503,2752.029,2929.281,951,952,1645.393,2000.875,1202,1205,1703.637,1856.812,1115,1009,1558.027,1456.637,487,632,742.611,880.385,465,840,509.635,960.42
"6052",270,198,414,353.307,68,157,226.8,215.233,249,172,396,255.843,232,182,334.8,207.111,346,365,403.2,483.259,272,384,432,649.76,351,580,536.4,682.248,364,461,381.6,515.747,232,192,313.2,243.66,163,450,162,462.954
"6053",1144,897,1968.912,1973.826,538,373,797.328,949.671,923,1275,1431.936,1824.858,1430,1521,2001.456,1936.584,1707,1568,2717.424,2551.077,1160,1432,1692.288,2085.552,1727,1745,2245.536,2346.246,1338,1610,1692.288,2085.552,620,1109,732.24,1284.849,931,1523,976.32,1601.406
"6057",386,254,411.48,281.65,245,212,257.175,255.45,209,220,209.169,219.425,146,107,147.447,108.075,255,218,253.746,229.25,515,475,534.924,487.975,524,548,558.927,563.3,574,681,572.643,681.2,334,230,332.613,229.25,144,215,144.018,212.875
"6058",47,81,52.2,84.558,25,21,29.725,39.792,55,42,55.1,42.279,24,78,23.925,77.926,52,63,52.2,63.833,76,75,82.65,83.729,143,125,142.825,131.811,117,104,134.125,107.77,106,115,105.85,115.231,46,81,45.675,81.242
"6060",126,12,152.994,49.802,101,209,100.81,208.63,101,41,100.81,40.38,0,110,0,110.372,10,36,9.488,34.996,128,204,128.088,215.36,275,328,364.102,343.23,151,259,151.808,258.432,114,53,113.856,53.84,63,28,62.858,28.266
"6061",0,0,0,0,0,0,0,0,18,21,18.054,21.012,0,22,0,22.032,0,0,0,0,51,0,50.976,0,31,32,31.034,39.984,18,19,18.054,19.074,0,0,0,0,0,0,0,0
"6062",942,838,1043.375,928.521,444,443,509.167,468.95,489,669,500.82,684.667,424,333,475.779,337.644,1011,1019,1135.192,1162.996,884,1117,993.293,1256.786,1196,1536,1293.785,1622.567,1114,1085,1126.845,1162.996,612,802,634.372,825.352,623,907,626.025,937.9
"6063",219,173,218.82,173.554,54,66,54.705,66.502,91,165,90.654,165.444,80,18,100.032,17.842,116,134,117.225,141.114,136,204,135.981,215.726,331,351,331.356,366.572,255,299,254.769,298.448,179,151,179.745,152.468,81,27,81.276,25.952
"6065",90,93,97.034,92.901,24,39,23.9,39.201,5,33,4.78,32.757,17,39,17.208,39.201,8,7,8.126,10.74,117,102,116.632,102.03,90,87,89.864,86.994,72,46,76.002,46.182,13,44,12.906,43.497,31,43,31.07,42.96
"6066",1023,1059,1610.448,1392.046,572,339,690.192,562.742,525,594,618.297,784.877,941,909,1064.046,1081.057,1833,1729,2487.567,2191.732,1521,1364,2027.439,1821.507,1820,1907,1998.681,2073.26,1827,2068,1854.891,2102.878,1085,1304,1121.562,1347.619,878,1429,905.877,1451.282
"6067",722,767,1014,1126.434,457,403,614.25,523.693,439,265,555.75,316.192,384,341,477.75,464.407,622,888,1238.25,1314.173,1071,974,1462.5,1294.411,1234,1372,1443,1640.246,1494,1201,1608.75,1304.292,519,775,594.75,839.885,718,1032,750.75,1077.029
"6068",0,44,0,43.608,51,76,50.72,75.84,24,87,24.092,87.216,19,41,19.02,53.088,38,41,38.04,41.712,31,40,31.066,39.816,137,153,136.944,167.796,97,163,97.002,163.056,144,170,143.918,170.64,93,104,93.198,106.176
"6069",104,110,104.082,108.936,11,11,11.286,28.152,72,41,81.51,77.112,46,0,46.398,0,41,66,41.382,74.664,93,126,106.59,139.536,201,137,200.64,144.432,356,346,356.136,362.304,176,164,175.56,164.016,131,121,131.67,124.848
"6070",1026,717,1113.474,867.104,613,688,656.286,704.522,554,479,707.904,526.456,206,197,206.472,216.776,491,510,530.928,534.198,795,1009,892.254,1099.364,1239,1294,1283.076,1393.56,952,887,980.742,929.04,485,580,516.18,619.36,479,811,486.684,851.62
"6071",446,414,502.816,448.38,355,397,390.344,403.542,211,380,264.64,403.542,388,227,588.824,254.082,416,348,899.776,358.704,751,468,1118.104,533.074,1227,1075,1409.208,1091.058,674,543,754.224,562.966,451,490,476.352,503.182,213,421,218.328,428.452
"6073",426,278,529.661,391.544,222,225,295.9,241.836,237,137,278.146,198.651,68,68,79.893,86.37,135,181,142.032,204.409,303,342,381.711,408.818,458,518,544.456,613.227,373,317,420.178,336.843,156,179,153.868,198.651,127,199,127.237,198.651
"6074",1230,859,1757.41,1307.176,956,613,1285.27,691.295,904,538,1232.81,666.157,537,420,668.865,515.329,753,693,918.05,1030.658,1564,1592,1914.79,2111.592,1780,1992,2229.55,2312.696,1277,1580,1442.65,1646.539,841,753,931.165,980.382,688,1228,734.44,1282.038
"6076",913,626,934.237,671.568,259,353,266.041,401.624,365,416,365.033,447.712,558,454,575.391,474.048,649,738,705.318,770.328,739,932,779.562,967.848,1109,1416,1138.408,1441.896,698,626,761.001,645.232,458,387,457.838,388.456,202,379,204.171,381.872
"6078",544,664,660.207,688.48,293,311,305.257,354.832,456,366,532.425,376.016,342,152,702.801,164.176,406,289,986.761,376.016,815,750,1178.434,842.064,1102,813,1341.711,852.656,575,644,688.603,720.256,442,443,482.732,460.752,234,455,234.267,460.752
"6081",29,83,28.848,93.61,31,27,31.252,26.862,27,9,27.045,21.164,114,0,156.26,13.024,78,82,115.993,100.936,56,82,56.494,119.658,74,164,74.524,170.94,81,104,90.751,104.192,13,92,13.222,91.982,8,71,7.813,70.818
"6082",1585,1983,1963.332,2217.904,1176,1139,1425.753,1322.212,1190,930,1379.007,1044.974,1040,1078,1612.737,1236.908,2334,2543,3459.204,2815.032,2789,2551,3576.069,2729.728,3805,3370,4370.751,3604.094,2454,2331,2664.522,2495.142,1541,1860,1612.737,1919.34,1255,1929,1238.769,1983.318
"6084",968,810,988.848,887.445,700,707,761.256,707.07,565,266,565.056,295.815,446,193,541.512,259.74,580,594,659.232,606.06,974,1182,996.696,1183.26,1502,1307,1593.144,1378.065,856,876,871.128,901.875,516,524,517.968,519.48,353,462,345.312,461.76
"6085",373,303,502.24,322.2,366,248,368.08,257.76,257,209,299.28,236.28,116,152,123.84,150.36,274,250,292.4,282.82,289,441,412.8,540.58,687,716,694.88,741.06,423,456,457.52,458.24,166,294,175.44,297.14,114,300,113.52,297.14
"6088",105,82,232.776,325.496,12,71,13.176,144.072,68,97,120.78,154.744,43,104,70.272,104.052,145,95,298.656,293.48,181,174,419.436,330.832,275,243,320.616,298.816,347,345,373.32,421.544,154,278,199.836,330.832,145,258,144.936,261.464
"6089",106,111,138.322,162.068,174,46,182.528,45.745,97,98,96.968,98.025,50,13,49.91,19.605,95,132,104.098,155.533,224,209,253.828,228.725,243,213,289.478,233.953,212,189,212.474,243.102,80,74,79.856,74.499,18,45,18.538,44.438
"6090",59,76,58.506,91.635,67,14,66.864,14.145,68,43,68.058,43.05,33,36,32.835,36.285,19,19,26.865,19.065,56,116,85.371,116.235,128,137,128.355,137.145,84,86,85.968,87.945,44,50,44.178,50.43,0,20,0,20.295
"6091",0,0,0,0,0,0,3.01,3.956,5,9,7.998,9.016,3,3,3.01,3.036,12,9,12.04,9.016,6,4,6.02,6.992,13,14,12.986,13.984,16,14,15.996,14.076,19,29,19.006,28.98,6,3,6.02,3.036
"6092",185,275,198.34,285.252,218,162,232.1,175.041,222,155,234.21,155.592,81,90,80.18,90.762,152,97,162.47,97.245,242,233,265.86,252.837,485,507,510.62,512.157,230,315,229.99,334.955,110,133,109.72,131.821,85,126,84.4,125.338
"6093",128,114,147.6,132.56,130,87,137.76,87.821,109,131,108.24,137.531,119,63,119.72,62.966,77,40,77.08,39.768,240,305,262.4,304.888,307,326,306.68,326.429,217,228,218.12,236.951,135,165,136.12,165.7,129,155,129.56,160.729
"6095",582,641,1649.522,1782.862,380,304,1076.383,846.104,312,442,824.761,951.867,281,471,768.845,1042.521,768,733,1649.522,1359.81,845,811,1719.417,1979.279,1264,1416,2306.535,2281.459,1328,1587,1929.102,2341.895,747,775,1006.488,1133.175,786,1117,1048.425,1390.028
"6096",362,443,536.82,646.505,168,281,192.555,359.91,386,311,519.315,346.58,258,268,268.41,353.245,600,630,776.055,773.14,572,629,694.365,719.82,1046,1102,1120.32,1253.02,716,696,746.88,713.155,447,610,449.295,679.83,526,816,525.15,826.46
"6098",771,391,854.854,445.667,395,431,424.438,520.991,347,308,376.614,326.404,234,265,239.12,263.634,547,638,579.866,646.531,788,808,807.03,897.611,835,1070,932.568,1067.09,1018,867,1028.216,916.442,402,542,412.482,546.099,328,635,322.812,652.808
"6103",0,0,13.104,0,0,0,0,0,0,0,0,0,90,91,90.272,102.087,178,133,307.216,262.083,36,30,58.968,59.103,81,30,80.808,41.79,69,69,104.104,77.61,30,16,29.848,16.119,44,38,43.68,37.611
"6105",307,168,1286.625,910.542,190,100,504.357,627.96,92,287,576.408,910.542,530,436,1152.816,973.338,895,633,2305.632,2019.938,322,407,1204.281,1329.182,435,281,1163.109,1350.114,504,440,1091.058,1057.066,254,383,555.822,607.028,326,460,442.599,648.892
"6106",758,666,2364.96,2202.936,467,396,1600.896,1198.088,872,1147,2146.656,2144.964,732,650,1910.16,1816.456,939,1175,2492.304,2898.6,987,842,2164.848,2589.416,1032,979,2383.152,2570.092,866,817,1782.816,1816.456,543,570,873.216,985.524,365,813,491.184,1082.144
"6107",1012,985,1226.277,1182.48,584,433,669.669,512.408,443,414,478.335,443.43,253,231,304.395,315.328,820,926,913.185,1064.232,914,1162,1095.822,1271.166,1329,1381,1539.369,1537.224,1004,1399,1130.61,1527.37,697,739,721.851,758.758,594,1194,600.093,1241.604
"6108",586,584,1869.772,1579.392,259,326,686.372,653.967,335,186,1076.894,616.95,234,334,804.712,678.645,718,792,1739.598,2011.257,705,727,1502.918,1567.053,967,1093,1763.266,2233.359,884,973,1349.076,1542.375,452,282,579.866,592.272,368,742,473.36,876.069
"6109",1065,1216,1307.565,1393.266,735,733,846.804,853.02,506,554,684.915,767.718,500,575,547.932,682.416,1271,1150,1369.83,1279.53,1564,1545,1768.326,1819.776,1867,1959,2054.745,2260.503,1423,1845,1494.36,1919.295,1101,1231,1183.035,1336.398,1174,1882,1183.035,1890.861
"6110",382,398,628.918,697.904,199,92,384.678,348.952,254,311,512.904,487.216,310,251,488.48,335.784,737,480,1044.126,809.832,423,622,793.78,1027.104,557,697,873.158,1040.272,513,675,628.918,790.08,313,266,372.466,316.032,364,666,378.572,730.824
"6111",945,1618,1351.104,1924.182,644,530,816.292,740.07,754,552,886.662,707.178,778,623,830.366,822.3,1543,1396,1801.472,1693.938,1774,1942,2082.952,2368.224,2076,2078,2420.728,2466.9,1581,2181,1787.398,2368.224,1052,1379,1111.846,1414.356,955,1864,999.254,1957.074
"6112",139,135,1879.6,1899.954,32,36,904.24,844.424,298,350,1290.32,1266.636,327,340,924.56,1291.472,79,100,944.88,1726.102,60,74,1076.96,1440.488,56,28,1016,1092.784,51,98,1056.64,1303.89,0,43,609.6,832.006,6,28,457.2,695.408
"6114",1071,782,2766.484,2028.78,312,567,790.424,1307.436,557,601,1499.08,1427.66,793,499,1172.008,1277.38,851,929,2016.944,2058.836,891,1110,1826.152,2299.284,939,958,1594.476,1818.388,615,817,981.216,1352.52,402,510,654.144,841.568,293,475,340.7,631.176
"6117",649,754,934.116,917.158,391,556,516.222,712.261,942,1296,1122.578,1668.447,502,486,630.938,614.691,389,396,499.834,526.878,575,752,721.072,975.7,1081,1087,1278.264,1229.382,959,867,1040.638,1014.728,528,638,565.386,702.504,851,1323,884.952,1385.494
"6118",487,589,1475.957,1517.88,264,483,744.18,948.675,372,417,930.225,934.08,338,549,657.359,861.105,814,1029,1500.763,2028.705,800,803,1872.853,1576.26,1124,1198,1773.629,2291.415,1337,1465,1599.987,1882.755,846,934,955.031,1153.005,801,1214,905.419,1371.93
"6119",615,631,869.847,920.864,352,324,519.211,427.544,183,250,242.748,345.324,413,378,498.982,575.54,924,1014,1139.567,1299.076,815,917,1072.137,1142.858,731,1102,957.506,1274.41,701,813,890.076,920.864,252,383,249.491,493.32,300,794,310.178,822.2
"6120",213,198,1298.873,1063.53,70,73,515.633,597.415,100,47,476.471,590.85,114,84,620.065,512.07,273,178,1220.549,1030.705,178,85,763.659,833.755,186,89,855.037,584.285,41,89,306.769,689.325,51,91,339.404,400.465,18,0,130.54,256.035
"6226",796,915,1152.084,1213.866,328,401,529.587,637.794,946,1008,1170.666,1512.189,1097,1263,1440.105,1532.763,1043,999,1310.031,1213.866,674,916,984.846,1234.44,904,862,1235.703,1131.57,613,617,808.317,720.09,213,295,241.566,411.48,388,660,408.804,689.229
"6231",305,349,333.084,372.232,215,126,215.286,125.426,97,95,101.55,99.127,40,69,40.62,68.782,132,156,132.015,155.771,410,400,420.417,398.531,355,299,369.642,341.887,220,308,227.472,323.68,152,104,152.325,105.196,37,34,36.558,34.391
"6232",149,138,165.672,144.872,119,156,143.37,156.016,125,90,124.254,101.888,132,92,132.219,92.336,47,104,68.499,111.44,224,264,270.81,264.272,309,293,309.042,292.928,210,222,210.276,221.288,55,80,92.394,103.48,77,103,78.057,103.48
"6234",371,365,411.255,390.365,392,276,432.9,274.415,391,157,432.9,173.925,183,113,259.74,119.815,412,507,493.506,552.695,523,494,597.402,502.45,528,590,640.692,602.94,519,577,523.809,575.885,321,292,320.346,297.605,211,358,212.121,378.77
"6235",97,101,100.015,104.067,120,59,120.5,63.783,62,76,65.07,80.568,53,53,53.02,52.593,185,105,185.57,105.186,186,204,185.57,207.015,151,194,153.035,193.587,174,167,173.52,168.969,130,79,134.96,79.449,35,63,34.945,62.664
"6237",68,350,129.168,387.4,147,192,146.556,298,127,124,139.104,172.84,83,147,81.972,172.84,181,184,218.592,190.72,282,335,308.016,333.76,449,545,457.056,598.98,484,451,541.512,449.98,288,212,288.144,235.42,163,139,173.88,140.06
"6238",485,522,515.264,604.989,461,480,509.056,492.723,602,320,639.424,318.087,230,391,235.904,392.931,626,572,689.088,623.7,842,934,862.912,1004.157,1066,1076,1098.816,1085.238,986,901,993.28,929.313,428,393,453.184,430.353,207,358,204.864,361.746
"6239",591,405,654.164,457.478,500,321,498.666,334.74,379,273,402.15,290.108,319,270,348.53,351.477,557,546,600.544,541.163,780,848,777.49,914.956,737,756,761.404,820.113,578,769,680.974,814.534,338,543,337.806,541.163,298,487,294.91,496.531
"6241",336,341,394.335,380.952,251,203,260.604,247.104,294,162,305.181,192.192,275,283,284.607,298.584,420,342,432.054,394.68,421,416,486.918,494.208,469,466,483.489,463.32,457,535,456.057,535.392,191,195,188.595,205.92,133,210,130.302,212.784
"6242",101,39,100.902,45.87,36,69,45.933,73.67,58,44,60.24,50.04,42,25,42.168,25.02,62,52,70.782,55.6,69,82,68.523,87.57,130,134,130.269,143.17,136,86,136.293,86.18,70,78,70.029,77.84,28,44,27.861,48.65
"6247",125,98,133.182,97.483,119,80,119.592,79.634,72,75,74.745,79.634,43,93,43.488,93.364,144,114,144.054,113.959,146,183,146.772,188.101,244,293,262.287,308.925,247,225,250.056,233.41,122,94,125.028,98.856,57,79,62.514,78.261
"6248",268,303,309.801,328.068,201,245,200.952,283.204,285,302,284.682,302.832,171,71,170.251,70.1,164,126,164.669,126.18,345,444,362.83,454.248,618,511,616.811,555.192,346,358,351.666,370.128,232,251,231.653,249.556,74,44,92.103,58.884
"6249",411,188,433.82,205.158,299,263,342.28,294.501,229,240,230.84,241.557,182,143,210.94,142.287,515,242,549.24,287.883,399,477,429.84,496.35,588,560,620.88,582.384,678,512,692.52,512.895,264,305,270.64,317.664,191,232,191.04,234.939
"6250",323,218,442.428,401.32,206,131,206.1,129.56,178,119,261.06,173.8,65,319,85.188,439.24,162,257,208.848,334.96,289,176,373.728,278.08,294,407,294.036,524.56,421,338,494.64,338.12,199,240,266.556,290.72,115,248,115.416,249.64
"6254",101,97,122.61,105.732,53,57,60.3,60.698,74,45,74.37,45.034,40,50,56.28,49.929,93,114,105.525,116.501,131,120,136.68,125.312,144,164,150.75,168.388,168,141,170.85,142.934,73,97,73.365,96.921,59,67,59.295,67.551
"6255",193,328,203.562,337.96,83,78,87.579,96.915,173,213,196.461,213.71,99,97,99.414,104.37,274,165,284.04,164.01,354,465,355.05,464.695,468,407,508.905,407.54,329,330,329.013,330.505,122,201,125.451,198.8,177,164,179.892,166.495
"6256",40,17,58.455,17.136,24,119,38.97,132.192,101,62,102.621,62.424,70,9,70.146,8.568,157,53,157.179,66.096,151,137,150.684,137.088,240,262,263.697,261.936,250,269,250.707,269.28,121,173,122.106,172.584,87,97,87.033,96.696
"6259",247,257,296.006,260.36,132,146,148.003,149.424,129,172,139.167,176.592,64,144,83.942,144.896,261,161,291.588,176.592,365,295,384.366,359.976,369,435,373.321,443.744,286,303,284.961,303.376,150,151,150.212,151.688,52,96,53.016,99.616
"6260",501,434,689.466,559.35,302,285,301.356,351.45,189,222,264.828,247.5,395,347,415.506,351.45,496,556,598.146,603.9,485,371,543.354,440.55,686,913,694.032,970.2,379,420,401.808,450.45,308,413,315.054,415.8,335,527,337.884,559.35
"6262",13,21,13.098,21.045,20,13,19.98,13.11,0,7,0,6.9,0,0,0,0,51,47,51.06,46.92,17,12,17.094,12.075,35,118,35.076,117.99,8,17,7.992,16.905,11,40,11.1,40.02,67,70,67.266,69.69
"6263",0,62,0,62.01,0,0,0,0,0,0,0,0,31,28,31.024,27.99,0,0,0,0,23,0,22.96,0,26,0,25.984,0,0,0,0,0,32,0,32.032,0,0,0,0,0
"6264",19,10,19.006,9.996,6,0,6.02,0,9,0,9.03,0,0,7,0,7.004,14,15,17.974,15.028,12,15,12.04,15.028,5,1,4.988,1.02,2,7,1.978,7.004,13,5,12.986,4.964,2,8,1.978,8.024
"6266",15,10,53.95,48.094,20,0,97.11,0,0,23,0,23.908,46,0,46.065,0,29,15,34.03,15.012,36,45,36.105,45.036,40,27,87.15,48.094,31,30,31.125,30.024,30,46,30.295,45.87,0,22,0,21.962
"6268",204,312,287.136,339.154,187,200,376.866,222.728,674,588,831.498,764.362,1368,1109,1525.41,1230.066,365,154,723.822,242.976,379,378,610.164,404.96,551,524,687.93,541.634,461,506,502.488,541.634,190,370,221.334,369.526,210,390,221.334,404.96
"6269",0,0,0,15.036,0,0,0,0,1570,1991,2022.482,2671.396,1570,1772,1910.566,2300.508,56,21,63.952,30.072,0,0,0,0,3,0,3.997,0,0,0,0,0,0,0,0,0,0,0,0,0
"6277",162,175,195.738,215.352,164,171,201.495,171.484,118,87,122.816,115.652,52,71,51.813,71.784,200,299,199.576,299.1,212,216,243.713,241.274,377,352,381.881,388.83,268,272,276.336,273.178,141,150,140.087,151.544,105,72,107.464,73.778
"6278",223,220,264.506,237.6,158,142,157.392,143,160,98,159.578,99,170,129,183.624,129.8,317,321,351.946,349.8,235,220,242.646,220,292,457,301.668,457.6,349,309,349.76,308,133,166,133.346,173.8,42,83,41.534,83.6
"6279",214,153,294.504,185.128,148,124,147.252,124.264,252,202,262.95,225.704,971,292,981.68,291.64,282,190,312.034,190.2,333,312,354.106,311.928,585,534,599.526,545.24,277,359,276.974,360.112,147,151,168.288,152.16,110,154,108.686,152.16
"6280",59,128,108.493,128.14,68,84,67.632,104.3,70,53,70.45,53.64,88,104,87.358,104.3,191,109,286.027,183.27,109,154,119.765,159.43,140,157,145.127,156.45,295,316,294.481,315.88,106,74,108.493,74.5,120,210,119.765,210.09
"6281",340,422,342.51,420.849,344,260,377.46,323.73,253,301,269.115,359.7,152,88,167.76,89.925,212,253,209.7,251.79,636,579,636.09,579.117,586,654,608.13,661.848,551,400,552.21,399.267,230,246,230.67,244.596,105,263,104.85,262.581
"6282",0,16,0,15.805,0,0,25.96,0,16,21,15.84,21.255,34,29,47.08,28.885,14,0,14.08,0,54,82,54.12,97.01,83,86,88.88,86.11,50,76,49.72,76.3,131,189,131.12,188.57,13,31,13.2,31.065
"6320",566,1058,1285.735,1831.34,307,277,662.75,634.48,880,835,1431.54,1514.1,1492,1232,1868.955,1701.56,1314,1445,2067.78,2480.24,972,820,1749.66,1557.36,1250,1078,1868.955,1932.28,832,982,1245.97,1225.7,536,448,702.515,677.74,240,779,344.63,879.62
"6330",244,101,258.422,125.928,32,33,54.318,59.466,83,174,98.76,176.649,100,114,100.406,113.685,248,230,317.678,251.856,203,167,213.98,188.892,203,318,232.086,330.561,203,206,213.98,236.115,103,96,103.698,104.94,53,159,54.318,157.41
"6331",291,193,301.4,194.422,188,67,197.28,66.388,202,107,260.3,106.695,59,150,60.28,149.373,236,169,235.64,180.196,382,431,435.66,431.522,597,445,605.54,445.748,390,437,389.08,441.006,165,151,167.14,149.373,93,204,93.16,203.906
"6332",0,0,0,0,13,13,13.04,12.998,12,12,12.062,12.028,0,0,0,0,13,0,13.04,0,52,0,51.997,0,12,22,12.062,21.922,28,39,27.873,38.994,22,11,22.005,10.961,11,0,10.921,0
"6333",259,275,325.738,307.08,205,303,261.205,371.908,237,284,267.351,307.08,127,98,178.234,112.596,181,224,208.964,279.784,324,334,381.052,416.264,546,518,586.943,597.1,363,466,448.658,504.976,284,314,328.811,341.2,83,169,82.971,177.424
"6334",102,135,143.298,134.835,65,43,65.364,53.4,75,135,87.99,142.845,53,65,52.794,65.415,85,82,89.247,88.11,186,162,196.092,176.22,249,261,268.998,261.66,171,179,179.751,189.57,123,114,124.443,113.475,48,109,47.766,108.135
"6335",325,381,407.296,417.972,231,361,270.47,359.73,208,71,232.286,71.946,124,78,124.098,102.78,254,234,308.654,311.766,366,458,391.386,524.178,490,629,505.938,630.384,469,463,490.028,565.29,225,206,235.468,236.394,219,204,216.376,205.56
"6336",0,0,0,0,0,0,0,0,0,0,0,0,0,0,0,0,0,0,0,0,17,0,17,0,8,7,8,7,0,0,0,0,0,0,0,0,0,0,0,0
"6339",503,279,699.27,449.13,313,306,411.84,424.632,171,185,193.05,183.735,258,166,278.85,171.486,548,672,639.21,792.102,419,477,506.22,514.458,554,488,596.31,534.873,468,419,523.38,477.711,312,290,338.91,326.64,110,208,107.25,208.233
"6340",1501,1375,2159.46,2109.268,540,516,719.82,816.97,1228,618,1874.88,831.824,2172,1003,2962.98,1277.444,2259,1728,2829.06,2287.516,1220,1356,1674,1812.188,1220,1642,1573.56,2109.268,1147,1222,1439.64,1455.692,698,780,803.52,876.386,640,1046,703.08,1292.298
"6350",0,0,0,0,0,0,0,0,0,0,0,0,0,0,0,0,0,0,0,0,4,3,4,2.997,0,0,0,0,6,6,6,6.003,0,0,0,0,0,0,0,0
"6351",860,642,944.541,827.089,510,587,508.599,589.608,433,506,444.015,548.663,420,451,427.869,483.151,768,818,904.176,949.924,1320,1257,1436.994,1293.862,1303,1346,1404.702,1424.886,1057,997,1097.928,1064.57,522,558,524.745,556.852,360,453,363.285,450.395
"6353",0,21,60.024,21.032,0,0,0,0,0,55,0,55,0,0,0,0,0,12,103.976,11.968,0,0,0,0,0,0,0,0,0,0,0,0,0,0,0,0,0,0,0,0
"6354",287,508,321.678,510.45,93,165,92.736,166.05,87,191,86.94,196.8,135,132,136.206,132.225,366,534,408.618,531.975,433,438,510.048,439.725,586,471,660.744,485.85,331,194,333.27,218.325,198,246,199.962,246,133,130,156.492,144.525
"6355",581,342,730.779,381.48,237,306,319.332,356.048,275,393,276.345,451.418,170,304,171.948,324.258,660,598,687.792,673.948,636,667,804.471,705.738,1009,966,1117.662,1074.502,960,935,982.56,960.058,501,694,534.267,718.454,525,701,521.985,699.38
"6357",512,410,581.578,435.232,279,209,309.35,246.848,246,238,284.602,279.328,222,196,371.22,344.288,357,486,940.424,695.072,647,626,816.684,935.424,708,926,835.245,1097.824,926,1006,934.237,1019.872,667,703,662.009,734.048,438,686,439.277,708.064
"6359",278,210,308.598,234.18,218,106,219.267,132.702,184,104,211.146,104.08,37,121,37.898,158.722,233,113,257.165,161.324,358,386,357.324,424.126,548,458,582.005,489.176,414,398,457.483,421.524,213,205,213.853,205.558,56,268,64.968,268.006
"6360",1175,1392,2074.66,2387.43,595,586,1287.72,873.45,778,682,1234.065,1164.6,761,935,1305.605,1339.29,1905,1554,2861.6,2290.38,1348,1782,2056.775,2833.86,2461,2080,3076.22,2736.81,1573,2236,1913.695,2697.99,835,1112,1090.985,1339.29,885,1682,983.675,1766.31
"6365",213,154,271.59,283.375,107,64,190.113,92.947,111,71,111.105,92.947,107,51,155.547,49.874,179,283,254.307,319.647,254,240,358.005,321.914,368,359,390.102,396.725,296,291,330.846,312.846,234,254,234.555,262.972,160,119,172.83,129.219
"6370",195,438,283.824,475.25,289,330,350.4,353.586,137,115,157.68,155.882,201,199,220.752,197.704,271,277,273.312,304.16,456,455,539.616,558.894,761,649,770.88,646.34,407,539,441.504,593.112,191,309,273.312,387.804,196,127,192.72,125.466
"6371",501,363,539.028,378.456,369,310,379.316,310.528,421,212,439.208,213.488,100,229,154.721,286.268,242,274,284.487,276.564,465,581,464.163,587.092,869,916,893.389,955.844,785,751,783.587,781.172,538,546,549.01,548.276,502,502,499.1,504.608
"6373",0,57,0,56.922,0,42,0,42.065,0,0,0,0,0,0,0,0,55,40,54.945,39.917,22,21,21.978,20.943,0,0,0,0,21,19,20.979,18.974,0,0,0,0,13,0,12.987,0
"6374",582,404,601.458,446.264,239,215,264.978,214.55,354,305,353.304,317.534,261,78,290.214,77.238,493,504,496.308,557.83,592,574,609.87,635.068,686,714,702.402,725.179,425,673,424.806,673.687,280,310,298.626,326.116,161,319,168.24,317.534
"6375",229,179,265.43,201.112,58,173,102.41,187.996,136,91,163.02,159.578,149,102,169.29,131.16,144,252,156.75,264.506,219,198,229.9,209.856,317,444,369.93,478.734,280,277,332.31,281.994,185,156,183.92,155.206,116,99,117.04,115.858
"6376",0,0,0,0,0,0,0,0,0,0,0,0,0,0,0,0,0,0,0,0,0,0,0,0,11,10,10.988,9.996,28,28,28.006,27.979,28,0,28.006,0,0,11,0,10.976
"6377",246,75,258.534,75.12,108,56,112.194,65.104,72,146,100.812,147.736,84,60,84.552,63.852,159,271,159.348,275.44,239,166,258.534,171.524,324,186,323.574,186.548,141,120,156.096,148.988,137,75,136.584,75.12,35,38,35.772,43.82
"6378",168,234,230.76,271.794,162,152,169.224,173.724,148,152,151.276,159.714,99,98,125.636,134.496,204,123,215.376,151.308,231,314,243.58,339.042,379,455,379.472,470.736,503,516,517.928,537.984,350,314,348.704,313.824,181,251,179.48,252.18
"6379",612,415,676.35,468.7,285,211,315.63,257.785,212,331,266.031,356.212,239,129,238.977,276.533,389,338,401.301,454.639,690,591,694.386,632.745,803,699,888.273,796.79,478,556,500.499,609.31,306,414,306.612,412.456,224,386,225.45,417.143
"6380",47,151,69.972,216.717,112,116,150.92,147.552,110,44,149.548,44.573,85,55,85.064,67.628,93,92,127.596,124.497,271,305,271.656,318.159,199,224,198.94,224.402,116,110,152.292,110.664,118,151,126.224,150.626,38,132,38.416,132.182
"6382",423,315,580.116,620.367,307,291,380.076,369.144,249,277,333.4,410.16,331,94,733.48,112.794,348,328,973.528,410.16,553,608,946.856,702.399,892,604,1160.232,748.542,643,621,746.816,707.526,381,443,413.416,476.811,390,563,400.08,563.97
"6384",185,191,185.758,199.773,56,71,69.482,89.694,59,64,59.556,88.335,108,39,107.768,48.924,91,141,90.752,145.413,264,203,263.748,212.004,305,247,314.796,274.518,191,142,191.43,142.695,52,62,52.466,66.591,84,90,85.08,89.694
"6385",527,720,565.744,826.904,416,395,454.084,516.815,322,357,357.312,453.207,363,194,364.756,190.824,491,527,543.412,580.423,974,898,1168.708,1017.728,1141,1216,1325.032,1335.768,1117,1035,1228.26,1129.042,768,808,789.064,818.953,620,1015,655.072,1097.238
"6387",50,46,49.92,46.003,10,0,9.984,0,23,0,23.088,0,36,0,35.984,0,28,47,28.08,46.898,22,49,22.048,49.046,28,37,27.872,37.053,11,0,11.024,0,0,0,0,0,0,0,0,0
"6389",30,0,30.03,0,0,0,0,0,0,0,0,0,0,0,0,0,35,34,34.97,34,0,0,0,0,0,0,0,0,0,0,0,0,0,0,0,0,0,0,0,0
"6401",704,817,1039.826,1278.208,566,502,726.958,629.118,491,470,690.15,599.16,641,402,745.362,639.104,1078,821,1205.462,1008.586,988,1245,1233.068,1477.928,1377,1298,1490.724,1597.76,1069,878,1159.452,1018.572,469,589,533.716,728.978,359,953,386.484,998.6
"6403",633,287,653.952,311.022,162,101,163.488,100.872,109,141,110.04,140.1,163,170,176.064,184.932,352,280,389.856,297.012,469,407,490.464,431.508,408,473,421.296,484.746,409,450,415.008,448.32,142,192,141.48,190.536,184,202,185.496,212.952
"6405",901,1122,1118.544,1287.968,579,624,745.696,746.436,575,572,705.748,673.256,648,632,772.328,687.892,1172,1342,1438.128,1419.692,1356,1499,1584.604,1712.412,2125,2193,2330.3,2341.76,1968,2510,2010.716,2561.3,1339,1642,1331.6,1697.776,1206,1456,1278.336,1507.508
"6409",16,15,15.873,14.95,63,17,63.063,17.043,0,5,0,5.083,31,36,30.888,35.88,25,0,24.882,0,40,50,40.326,49.933,138,65,155.727,64.883,49,53,48.906,52.923,49,45,48.906,45.149,0,13,0,12.857
"6410",1370,1414,1555.506,1627.48,732,1010,996.732,1178.52,876,849,1419.588,940.01,786,564,1162.854,603.29,1074,864,1646.118,1010.16,1648,1572,2280.402,1823.9,2080,2227,2491.83,2441.22,1682,1779,1902.852,1908.08,879,1030,891.018,1066.28,720,1386,755.1,1431.06
"6412",265,233,265.049,242.363,88,95,87.654,94.141,122,46,121.046,46.069,97,46,100.176,46.069,84,119,91.828,118.177,302,255,319.311,254.381,383,367,386.095,366.549,327,334,327.659,344.516,188,143,200.352,176.264,183,310,183.656,308.462
"6413",813,570,950.456,590.295,352,424,353.21,434.24,311,396,321.1,393.53,325,331,327.522,332.465,531,389,584.402,508.875,913,987,995.41,1004.18,1056,1272,1085.318,1282.365,888,1027,911.924,1051.675,563,666,571.558,664.93,312,520,314.678,522.445
"6414",0,0,0,0,0,0,0,0,62,0,62.109,0,146,0,145.848,0,0,0,0,0,0,0,0,0,9,10,8.961,10.004,83,93,83.121,93.086,9,0,8.961,0,0,19,0,19.032
"6415",1132,878,1185.666,916.799,594,549,592.833,614.003,571,591,592.833,588.77,498,400,568.47,420.55,728,854,739.011,942.032,1242,1168,1266.876,1211.184,1359,1642,1413.054,1699.022,904,876,942.036,883.155,494,591,487.26,588.77,346,542,349.203,538.304
"6416",590,645,706.888,769.772,385,336,435.008,384.886,400,250,448.602,290.48,229,241,244.692,268.694,861,697,1005.956,762.51,747,853,870.016,973.108,894,1187,1026.347,1278.112,1096,891,1148.693,1038.466,260,448,333.053,479.292,547,917,577.745,1016.68
"6417",250,251,267.672,260.832,106,102,126.792,102.96,107,60,108.008,59.488,60,78,61.048,146.432,146,242,291.152,242.528,203,234,286.456,292.864,374,387,382.724,386.672,433,456,457.86,469.04,205,167,204.276,167.024,163,161,162.012,162.448
"6418",354,736,682.34,844.544,397,245,450.72,356.292,247,221,413.16,217.734,354,358,438.2,521.242,652,601,945.26,785.162,711,767,901.44,936.916,884,683,951.52,804.956,610,680,707.38,804.956,413,457,450.72,494.85,298,783,300.48,824.75
"6419",304,261,392.28,327.543,229,161,274.596,197.823,217,126,232.099,152.421,132,183,130.76,181.608,62,96,75.187,94.047,500,465,513.233,583.74,504,474,552.461,486.45,521,619,536.116,616.17,363,346,362.859,343.758,194,235,192.871,249.711
"6420",215,279,262.875,292.236,191,73,212.403,72.03,141,115,155.622,183.162,75,59,75.708,59.682,103,125,119.871,164.64,268,358,269.184,403.368,416,356,439.527,444.528,286,203,334.377,230.496,130,93,130.386,92.61,107,115,107.253,113.19
"6422",473,264,578.592,288.288,426,330,444.768,329.472,193,238,224.352,236.808,198,113,212.544,116.688,241,246,240.096,295.152,430,493,444.768,511.368,736,676,771.456,693.264,469,391,468.384,394.68,290,278,322.752,277.992,226,279,228.288,284.856
"6423",301,233,300.69,231.564,200,204,200.46,203.877,157,121,174.76,120.816,78,54,100.23,52.857,145,210,159.34,211.428,375,440,375.22,442.992,439,485,449.75,485.781,434,410,436.9,420.339,242,209,244.15,208.911,128,138,125.93,138.435
"6424",1046,570,1092.504,619.112,247,322,266.623,339.321,409,388,435.701,434.569,302,212,409.689,232.167,571,606,572.264,642.924,975,1009,1118.516,1059.634,1109,1182,1125.019,1190.6,814,678,864.899,708.407,408,313,461.713,321.462,151,370,169.078,386.945
"6426",116,125,116.209,124.747,78,86,77.963,86.093,60,21,60.311,21.084,14,0,14.71,8.785,60,74,58.84,73.794,224,168,225.063,168.672,194,249,194.172,267.064,313,398,325.091,412.895,182,242,182.404,242.466,218,353,216.237,353.157
"6437",1075,1108,1220.598,1211.184,766,778,824.439,791.928,574,803,588.885,815.22,344,261,342.624,267.858,689,853,717.369,966.618,1241,1202,1338.375,1304.352,1934,2035,2045.037,2084.634,1631,1955,1713.12,2014.758,1255,1139,1284.84,1164.6,616,975,642.42,1001.556
"6438",238,187,238.35,187.868,78,56,125.304,56.08,42,67,88.53,78.512,88,21,95.34,36.452,73,116,73.548,116.366,294,220,294.192,280.4,130,255,130.752,255.164,173,194,185.232,194.878,54,126,54.48,126.18,77,74,76.272,74.306
"6441",228,322,227.484,321.784,211,133,212.148,147.022,214,292,214.704,291.27,90,103,89.46,102.638,197,225,217.26,224.694,376,436,375.732,446.614,551,463,552.096,474.354,341,423,360.396,424.422,200,193,199.368,191.406,108,135,107.352,149.796
"6442",121,152,120.224,207.24,107,181,107.508,199.39,27,84,26.588,84.78,11,0,11.56,0,15,97,41.616,97.34,194,174,194.208,200.96,232,366,231.2,365.81,273,209,272.816,208.81,118,105,117.912,105.19,31,102,31.212,100.48
"6443",954,1026,1045.008,1063.104,1025,683,1053.864,686.784,749,675,788.184,705.6,192,332,194.832,329.28,307,440,363.096,460.992,1032,1065,1080.432,1128.96,1789,1755,1850.904,1891.008,1093,1111,1115.856,1157.184,669,916,717.336,931.392,639,1035,646.488,1053.696
"6444",0,45,0,45.024,0,0,0,0,0,14,0,13.936,0,0,0,0,26,26,25.992,25.996,0,16,0,15.946,0,0,0,0,9,10,9.006,10.05,22,23,22.002,23.048,0,0,0,0
"6447",333,419,362.85,433.217,248,231,249.075,261.253,291,210,292.125,224.876,37,90,36.9,89.289,231,251,233.7,284.402,393,440,390.525,469.594,569,655,584.25,654.786,489,473,513.525,472.901,279,201,298.275,221.569,110,196,113.775,195.113
"6450",1331,1205,2173.442,2053.744,661,525,1344.587,916.85,832,684,1178.816,1155.231,824,705,1123.559,1081.883,2144,1803,2818.107,2695.539,1629,1639,2486.565,2438.821,2249,2124,2836.526,2713.876,1979,1930,2210.28,2200.44,949,1203,1160.397,1430.286,955,1551,1068.302,1668.667
"6451",710,978,1589.187,1672.99,474,375,994.671,811.525,462,404,800.31,749.1,418,577,628.815,886.435,815,1014,1269.063,1623.05,1145,1173,1703.517,1785.355,1490,1470,1783.548,1747.9,1086,1306,1360.527,1460.745,634,814,800.31,986.315,465,774,514.485,786.555
"6455",155,251,202.92,320.231,133,111,140.353,110.918,99,98,101.46,107.34,89,82,89.623,82.294,122,116,123.443,153.854,217,290,253.65,298.763,324,253,326.363,254.038,243,218,243.504,218.258,113,162,113.297,175.322,97,70,96.387,69.771
"6456",22,0,21.888,0,0,9,0,8.96,9,0,8.968,0,0,0,0,0,0,0,0,0,12,21,12.008,20.992,10,0,10.032,0,43,90,43.016,89.984,56,8,55.936,8.064,0,0,0,0
"6457",1601,1681,2405.988,2532.864,756,793,1316.484,1266.432,1266,1029,1861.236,1738.24,1255,1554,1656.954,2110.72,3053,2909,3858.66,3848.96,2335,2211,3109.626,3252.992,2759,2792,3404.7,3600.64,2287,2384,2678.364,2781.184,1136,1571,1361.88,1837.568,981,1802,1021.41,1887.232
"6460",1593,1427,2043.843,1875.84,1054,1156,1215.258,1309.18,955,868,1031.128,1016.08,964,708,1049.541,801.14,2059,2027,2596.233,2422.96,2069,2296,2467.342,2735.6,2984,3047,3222.275,3243.64,2424,2502,2522.581,2618.36,1111,1555,1215.258,1719.52,1044,1706,1049.541,1797.68
"6461",737,549,978.046,711.072,577,332,604.746,474.048,380,317,447.96,362.943,254,238,298.64,296.28,647,547,768.998,637.002,933,1034,1015.376,1236.969,1237,1216,1306.55,1325.853,848,848,903.386,851.805,499,613,537.552,637.002,546,805,604.746,866.619
"6467",0,0,0,0,0,1,0,0.996,0,0,0.99,0,0,0,0,0,0,0,0,0,12,11,12.012,11.004,0,0,0,0,11,0,10.989,0,0,0,0,0,9,0,9.009,0
"6468",1147,1022,1256.421,1063.366,980,554,1093.374,616.156,733,849,757.689,874.544,341,358,345.276,357.768,548,755,633.006,775.164,1327,1495,1361.922,1580.142,1464,1625,1601.697,1719.274,1523,1384,1544.151,1401.258,581,852,594.642,854.668,435,668,431.595,695.66
"6469",68,229,68.716,254.683,177,160,212.852,159.874,125,115,125.7,115.258,86,0,85.476,0,186,273,186.036,273.273,291,213,289.948,213.785,276,337,315.088,351.351,231,201,231.288,230.516,70,104,70.392,104.104,92,150,92.18,156.156
"6470",729,918,816.5,968.64,702,683,759.345,718.408,805,540,865.49,613.472,296,356,416.415,379.384,371,325,489.9,330.952,956,1072,1118.605,1154.296,1485,1500,1681.99,1622.472,1088,1063,1143.1,1089.72,453,638,457.24,645.76,400,560,416.415,565.04
"6471",230,240,341.136,284.76,241,249,252.144,264.985,255,232,274.392,253.12,140,77,163.152,98.875,415,374,415.296,391.545,440,387,526.536,435.05,492,751,493.164,763.315,699,540,719.352,541.835,247,325,248.436,340.13,274,585,274.392,585.34
"6472",267,426,300.828,428.022,326,203,325.314,202.398,295,220,318.318,218.988,247,138,248.358,139.356,208,213,220.374,268.758,573,499,573.672,497.7,543,633,542.19,633.738,447,451,444.246,451.248,388,318,419.76,331.8,103,143,104.94,142.674
"6473",916,1181,1045.572,1382.172,703,757,751.872,884.092,664,548,798.864,585.244,487,441,552.156,473.176,941,830,1127.808,971.256,1304,1342,1421.508,1506.692,1874,1809,2044.152,1930.06,1610,1892,1762.2,1930.06,1097,1197,1174.8,1344.816,1037,1344,1080.816,1431.98
"6475",428,381,446.082,407.816,292,365,299.022,391.718,405,360,411.768,359.522,67,127,68.628,128.784,426,311,480.396,332.692,400,436,406.866,488.306,916,901,931.38,917.586,577,824,588.24,842.462,738,785,735.3,788.802,523,706,524.514,719.044
"6477",690,699,802.164,897.246,387,335,455.466,413.018,393,382,509.85,448.623,381,217,401.082,213.63,434,337,564.234,562.559,644,768,788.568,861.641,932,1083,1135.266,1288.901,956,890,1019.7,996.94,419,435,482.658,484.228,628,923,639.012,932.851
"6478",765,778,767.791,808.92,365,579,363.382,593.208,313,546,334.077,546.021,302,240,304.772,256.158,411,462,410.27,471.87,968,868,1008.092,883.071,976,1150,1031.536,1193.157,878,1106,890.872,1139.229,546,507,545.073,505.575,212,337,210.996,337.05
"6479",605,499,628.201,530.6,388,245,385.367,259.994,227,213,226.997,228.158,140,147,142.533,148.568,514,403,585.969,440.398,746,887,765.455,917.938,1129,892,1134.985,917.938,599,626,633.48,679.168,432,596,485.668,599.578,280,571,285.066,588.966
"6480",297,448,315.18,467.04,276,400,356.895,423.255,371,282,384.705,301.63,281,203,292.005,204.33,272,332,296.64,384.335,672,723,750.87,773.535,910,864,922.365,885.43,623,603,625.725,603.26,410,474,407.88,476.77,275,351,278.1,350.28
"6481",28,34,28.275,34.237,7,48,6.96,48.034,44,63,43.935,62.853,18,9,17.835,29.127,0,20,0,19.929,67,62,66.99,61.831,118,84,118.32,84.315,74,56,73.95,55.699,37,50,36.975,50.078,42,65,41.76,64.897
"6482",509,570,650.412,678.181,523,441,644.805,495.813,558,443,560.7,512.91,172,148,269.136,170.97,271,347,319.599,387.532,738,826,829.836,974.529,880,1006,981.225,1031.519,706,671,740.124,729.472,350,294,353.241,313.445,247,404,252.315,410.328
"6483",670,550,861.08,658.084,420,483,524.476,528.199,451,658,610.584,874.559,380,643,438.368,701.379,653,666,720.176,770.651,1040,1108,1142.888,1298.85,1319,1384,1620.396,1541.302,998,893,1095.92,1004.444,501,419,516.648,432.95,306,820,305.292,848.582
"6484",1682,1678,1922.904,1891.799,1189,1125,1300.788,1268.129,948,1315,1093.416,1476.019,821,774,848.34,935.505,1911,1800,2243.388,2078.9,2075,2476,2337.648,2702.57,3109,3476,3223.692,3638.075,2705,2601,2846.652,2702.57,1813,1949,1847.496,1995.744,1173,2027,1187.676,2099.689
"6488",877,670,1024.204,739.368,795,604,880.624,646.947,625,490,670.04,523.719,329,452,363.736,451.836,638,584,727.472,667.485,651,759,765.76,831.789,1767,1618,1780.392,1714.923,1216,1401,1234.788,1417.122,892,1069,909.34,1088.514,1174,2175,1206.072,2177.028
"6489",1885,1823,2037.705,1999.44,982,1102,1042.185,1149.678,948,770,979.965,816.438,664,755,715.53,799.776,1412,1452,1477.725,1566.228,2053,1977,2177.7,2099.412,2431,2487,2488.8,2565.948,2042,2434,2193.255,2532.624,1419,1436,1477.725,1499.58,982,1610,979.965,1666.2
"6492",2039,1683,2395.98,2068.47,1073,1314,1375.47,1493.895,1599,1375,1774.8,1470.912,1108,1065,1242.36,1126.167,2435,2522,2640.015,2826.909,2658,2584,3105.9,2918.841,3365,3576,3660.525,3769.212,2793,2921,2861.865,3033.756,1591,1699,1686.06,1769.691,1419,2378,1464.21,2459.181
"6498",245,345,252.637,347.706,253,129,259.199,129.465,192,304,193.579,303.318,171,179,232.951,177.552,231,283,324.819,307.017,243,396,278.885,414.288,656,525,656.2,540.054,482,653,482.307,684.315,363,336,364.191,336.609,237,462,236.232,462.375
"6510",10,9,56.406,47.273,9,1,9.401,26.519,44,40,84.609,56.497,250,149,382.755,252.507,297,230,397.528,491.178,72,43,200.107,64.568,42,38,69.836,54.191,51,37,85.952,85.322,20,8,20.145,25.366,34,43,33.575,49.579
"6511",727,805,3007.251,3175.606,299,306,1336.556,1660.638,1168,1047,2698.815,2592.926,2130,2167,3881.153,3874.822,3548,3296,6065.908,6759.088,1442,1186,2930.142,3204.74,726,884,2261.864,2942.534,807,980,1824.913,2388.988,467,537,951.011,1369.298,527,569,796.793,1136.226
"6512",1353,1397,1831.026,1630.42,655,563,865.834,622.524,622,705,837.446,785.566,548,488,738.088,548.414,1627,1599,1816.832,1926.86,1614,1679,1930.384,1897.216,1927,2242,2228.458,2534.562,1895,1764,1972.966,1852.75,1071,1230,1107.132,1259.87,841,1727,865.834,1734.174
"6513",1164,970,3042.765,2254.188,525,654,1253.988,1543.408,633,545,1456.839,1279.404,709,784,1290.87,1482.484,1723,1676,3098.088,3208.664,1466,1351,2839.914,2802.504,1481,1655,2176.038,2802.504,1176,1474,1751.895,2254.188,678,1003,903.609,1380.944,469,1000,626.994,1299.712
"6514",715,754,1311.552,1565.938,610,362,789.36,930.699,419,610,1020.096,1152.294,600,875,1068.672,1314.797,983,1309,1845.888,2068.22,1067,1247,1894.464,2142.085,1116,1437,1736.592,2068.22,831,1078,1190.112,1565.938,412,578,619.344,886.38,595,913,680.064,1063.656
"6515",431,338,1027,688.608,124,135,534.04,554.712,377,629,895.544,1444.164,587,565,1076.296,1118.988,670,689,1068.08,1444.164,439,528,911.976,1128.552,507,518,1166.672,1243.32,442,527,739.44,908.58,269,278,410.8,449.508,211,367,394.368,602.532
"6516",1593,1988,2914.416,3349.95,997,874,1969.2,1427.37,1628,1040,2152.992,1718.67,1393,1471,2047.968,2301.27,2405,2815,3544.56,4019.94,2439,2354,3597.072,3961.68,2714,3260,3807.12,4369.5,2611,2968,3255.744,3757.77,1437,1594,1706.64,2068.23,1160,1971,1260.288,2155.62
"6517",519,569,811.104,841.769,319,187,497.568,440.552,181,313,490.752,416.951,222,197,340.8,424.818,521,670,722.496,1038.444,727,724,1029.216,1014.843,845,614,1029.216,944.04,627,854,817.92,1140.715,365,611,483.936,739.498,544,739,592.992,865.37
"6518",515,617,709.44,770.025,324,249,390.192,328.544,1188,1566,1294.728,1765.924,766,1363,966.612,1498.982,997,626,1081.896,811.093,644,798,806.988,1006.166,1163,1011,1427.748,1211.506,960,919,1073.028,1047.234,524,665,558.684,770.025,497,1011,567.552,1047.234
"6519",396,467,1512.728,1423.917,120,96,463.08,491.293,224,175,694.62,541.255,91,235,779.518,841.027,440,417,1358.368,1240.723,291,306,1088.238,1124.145,309,397,802.672,1040.875,165,215,586.568,674.487,111,177,246.976,399.696,122,358,177.514,532.928
"6524",273,271,280.378,316.897,264,210,357.625,210.377,336,87,346.181,87.879,83,163,82.969,162.443,93,178,94.413,178.421,373,384,420.567,442.058,544,545,557.895,543.252,408,362,437.733,378.146,165,191,165.938,191.736,111,146,120.162,154.454
"6525",496,234,586.17,313.67,273,245,302.103,313.67,308,319,306.612,353.999,199,78,202.905,76.177,197,165,220.941,179.24,376,497,459.918,600.454,718,759,856.71,855.871,649,775,680.859,824.504,513,373,541.08,425.695,316,520,360.72,537.72
"6604",684,702,1837.006,1746.38,265,444,822.54,1068.905,425,652,1124.138,1505.5,734,756,1590.244,1445.28,1144,921,2549.874,2288.36,929,666,2138.604,1731.325,527,687,1425.736,1656.05,792,741,1178.974,1445.28,358,609,562.069,858.135,356,1020,493.524,1309.785
"6605",485,797,1674.59,2264.853,403,239,820.66,725.754,277,222,820.66,963.501,165,232,987.01,925.962,819,799,1796.58,2227.314,855,775,2073.83,1814.385,662,505,1297.53,1464.021,421,471,842.84,938.475,244,296,454.69,663.189,274,291,332.7,538.059
"6606",1503,1391,3286.032,3414.257,937,607,1812.15,1301.839,848,678,1981.284,1326.402,1516,1046,2271.228,2087.855,2494,2170,4300.836,3856.391,1766,2029,3189.384,3709.013,1578,1668,2875.278,3291.442,1387,1751,2416.2,2873.871,743,751,1232.262,1326.402,668,1005,773.184,1400.091
"6607",248,170,723.69,616.716,54,34,168.3,308.358,135,121,339.966,370.863,152,114,323.136,350.028,112,193,440.946,658.386,99,175,380.358,583.38,143,119,440.946,520.875,56,38,205.326,391.698,27,39,171.666,216.684,58,26,171.666,150.012
"6608",576,909,1245.674,1499.604,230,284,648.521,668.941,239,133,487.996,639.537,323,264,796.204,713.047,415,661,853.993,1036.491,469,336,828.309,889.471,290,420,731.994,882.12,222,285,500.838,499.868,139,106,211.893,316.093,77,127,128.42,205.828
"6610",489,550,1726.725,1401.664,245,353,753.48,938.304,313,253,920.92,637.12,416,268,680.225,718.208,835,677,1475.565,1459.584,480,665,1255.8,1702.848,810,762,1569.75,1633.344,517,766,1036.035,1378.496,361,490,638.365,868.8,276,697,418.6,834.048
"6611",2018,1759,2367.765,2050.059,1450,1156,1560.971,1311.299,1117,1287,1245.269,1422.113,856,650,894.489,720.291,972,1320,1140.035,1514.458,2130,1981,2543.155,2327.094,2765,3103,3016.708,3324.42,1856,1856,1964.368,1939.245,1263,1506,1350.503,1625.272,1436,2136,1490.815,2216.28
"6612",522,490,536.549,538.2,317,357,324.09,386.1,222,229,223.262,230.1,135,134,162.045,132.6,113,150,111.631,148.2,455,525,453.726,534.3,688,678,738.205,737.1,485,594,496.938,600.6,364,282,403.312,323.7,148,246,147.641,261.3
"6614",1567,1525,1941.324,1880.359,824,534,1090.992,707.291,854,627,994.728,776.295,579,671,657.804,828.048,1499,1512,1973.412,1794.104,1776,2013,2149.896,2484.144,1945,2076,2294.292,2553.148,1863,2206,2117.808,2363.387,1314,1609,1443.96,1725.1,1333,2036,1379.784,2156.375
"6615",625,512,947.43,829.284,222,344,508.167,676.772,330,473,551.232,886.476,429,268,689.04,467.068,587,829,1085.238,1201.032,710,769,1042.173,1448.864,1395,1143,1920.699,1515.588,663,810,869.913,1191.5,469,537,577.071,743.496,311,460,430.65,581.452
"6702",96,72,202.584,253.227,35,27,96.888,102.076,47,67,89.548,133.484,36,110,45.508,147.225,142,30,239.284,168.818,41,23,121.844,190.411,94,98,145.332,263.042,191,84,290.664,155.077,86,141,113.036,247.338,65,185,121.844,304.265
"6704",629,465,1942.486,1600.56,416,221,1034.46,946.998,338,448,896.532,1293.786,236,512,896.532,933.66,742,881,1310.316,2027.376,543,916,1482.726,2214.108,974,763,1701.112,1573.884,585,737,1034.46,1227.096,469,480,793.086,680.238,316,561,402.29,840.294
"6705",1123,1000,1750.983,1780.125,381,424,1045.551,882.942,453,424,781.014,897.183,598,545,1020.357,840.219,1102,1102,1839.162,1822.848,1151,1319,1990.326,2107.668,1087,1162,1750.983,2036.463,1102,1150,1423.461,1623.474,411,714,440.895,882.942,413,1266,541.671,1352.895
"6706",495,592,795.872,1030.32,352,364,639.54,732.672,350,219,604.01,450.288,364,301,689.282,641.088,585,706,923.78,1106.64,540,542,845.614,969.264,635,752,1129.854,1106.64,483,478,653.752,625.824,293,420,461.89,503.712,357,436,376.618,473.184
"6708",1066,747,2258.505,1744.656,440,524,976.257,933.544,543,443,1165.68,979.456,570,498,845.118,964.152,1354,1455,2010.798,1958.912,1379,1330,1894.23,2448.64,1623,1482,2200.221,1928.304,1308,1710,1471.671,1974.216,903,970,961.686,1071.28,700,1185,786.834,1316.144
"6710",532,438,922.376,940.39,115,140,367.068,424.875,81,123,404.716,424.875,98,203,371.774,504.185,463,484,837.668,832.755,236,401,423.54,725.12,222,388,395.304,798.765,475,354,583.544,583.495,147,53,258.83,141.625,132,236,145.886,300.245
"6712",437,306,468.27,387.04,324,291,331.1,320.96,347,334,364.21,377.6,317,232,326.37,231.28,384,341,420.97,387.04,586,699,595.98,741.04,835,804,875.05,854.32,720,672,718.96,679.68,327,334,340.56,335.12,295,398,293.26,405.92
"6716",514,830,543.363,898.5,568,798,642.852,844.59,562,664,673.464,664.89,369,398,420.915,431.28,570,526,665.811,566.055,1056,1315,1109.685,1365.72,1507,1525,1522.947,1599.33,952,1084,964.278,1123.125,452,677,505.098,700.83,605,760,604.587,808.65
"6750",30,126,35.685,128.466,15,38,14.823,44.226,29,55,29.097,54.756,13,16,19.215,16.146,66,62,65.88,61.776,24,70,27.999,79.326,150,113,165.798,123.552,102,104,102.114,103.896,59,32,59.292,31.59,29,58,29.097,58.266
"6751",126,137,126.836,137.864,103,134,102.84,134.236,195,88,202.252,88.886,113,54,130.264,54.42,98,60,97.698,59.862,177,211,178.256,210.424,293,387,301.664,386.382,359,298,368.51,297.496,164,294,164.544,293.868,42,151,42.85,150.562
"6752",54,55,66.144,54.784,57,58,56.816,65.056,45,32,44.944,49.648,32,26,32.224,29.104,45,41,49.184,41.088,91,78,94.976,84.744,147,146,153.488,148.944,153,190,154.336,194.312,100,90,100.064,98.44,94,86,94.128,87.312
"6754",157,161,156.915,166.47,35,56,38.04,56.385,56,56,58.962,59.07,17,17,19.971,17.005,52,55,54.207,54.595,153,154,155.013,160.205,149,147,156.915,149.465,154,135,165.474,137.83,104,62,103.659,61.755,41,32,39.942,32.22
"6755",143,135,143.36,135.228,21,0,21.28,0,12,65,11.76,64.749,13,9,12.88,9.168,116,87,115.92,87.096,31,74,30.8,73.917,88,73,87.92,73.344,56,58,56,57.873,65,59,64.96,59.019,15,13,15.12,13.179
"6756",61,145,60.544,156.97,72,73,71.552,98.463,105,36,104.576,35.675,55,77,55.04,77.058,101,59,101.824,58.507,158,148,159.616,176.948,283,343,283.456,343.907,269,282,275.2,282.546,172,87,172,87.047,92,110,90.816,108.452
"6757",66,87,66.368,86.625,5,148,5.185,148.5,88,44,96.441,43.875,42,29,42.517,29.25,133,113,145.18,113.625,57,126,61.183,126,219,155,228.14,155.25,116,88,116.144,105.75,123,153,124.44,153,154,162,153.476,165.375
"6758",20,29,20.09,29.07,48,0,48.02,0,6,0,5.88,0,6,7,5.88,7.03,0,8,0,7.98,90,44,89.915,43.89,32,55,32.095,55.1,26,33,25.97,32.87,10,14,10.045,14.06,7,0,7.105,0
"6759",278,262,288.806,275.792,210,334,215.131,335.338,250,158,306.488,166.102,202,95,212.184,115.958,110,144,126.721,147.298,285,456,288.806,473.234,475,567,486.255,573.522,433,379,433.209,382.348,264,351,265.23,351.008,303,311,315.329,322.802
"6762",307,368,419.58,415.362,336,167,362.88,179.616,238,102,253.26,142.196,167,159,177.66,172.132,199,208,241.92,306.844,508,496,563.22,550.074,484,581,506.52,662.334,632,575,638.82,591.236,347,379,359.1,392.91,260,324,260.82,321.812
"6763",84,88,83.592,87.736,141,71,141.384,70.787,78,67,78.432,69.79,26,25,25.8,24.925,64,98,63.984,97.706,115,122,115.584,121.634,220,210,219.816,209.37,147,191,156.864,190.427,99,71,99.072,70.787,48,51,48.504,50.847
"6770",1689,1268,2103.991,1632.138,829,856,1027.904,966.606,644,735,835.172,903.222,947,843,1060.026,966.606,2094,1927,2360.967,2250.132,1865,1540,2264.601,1853.982,2338,2331,2489.455,2646.282,1861,2015,2007.625,2250.132,1045,1061,1140.331,1188.45,786,1136,786.989,1156.758
"6776",1318,1356,1662.591,1535.028,744,821,851.571,1005.708,976,626,1067.843,701.349,510,532,540.68,621.951,1511,1201,1635.557,1429.164,1816,1859,2041.067,2104.047,2356,2252,2514.162,2474.571,1714,1601,1770.727,1693.824,789,889,811.02,913.077,580,757,608.265,754.281
"6777",65,51,64.824,50.96,30,49,30.192,48.776,46,29,46.176,29.12,50,48,49.728,48.048,129,48,129.648,48.048,142,77,142.08,77.168,129,140,128.76,140.504,110,137,110.112,137.592,126,81,126.096,80.808,61,61,61.272,67.704
"6778",89,73,88.956,89.352,63,46,62.834,45.99,58,32,57.892,32.193,8,16,26.828,15.768,34,40,33.888,40.077,131,119,130.61,119.574,99,114,101.664,114.318,111,111,110.842,111.033,91,84,91.074,84.096,0,6,0,5.913
"6779",366,539,364.156,535.857,266,188,267.306,198.132,270,323,271.18,418.779,180,300,259.558,310.707,348,371,383.526,441.294,558,542,670.202,625.917,703,607,724.438,639.426,414,505,445.51,513.342,270,460,278.928,459.306,212,336,209.196,360.24
"6782",127,105,127.411,105.064,99,45,98.96,44.538,158,27,158.336,27.408,68,40,68.035,39.97,26,137,25.977,139.324,174,179,174.417,179.294,275,188,274.614,188.43,229,222,228.845,222.69,62,93,61.85,93.644,19,104,18.555,103.922
"6783",80,122,80.333,122.54,59,55,58.751,54.586,72,49,81.532,56.814,19,61,19.184,61.27,55,36,55.154,35.648,132,124,131.89,123.654,216,234,225.412,233.94,275,244,281.765,243.966,197,94,197.835,100.26,68,81,68.343,82.436
"6784",207,294,235.008,295.05,72,162,71.604,161.294,151,132,159.732,131.789,51,31,51.408,31.472,102,140,102.816,139.657,185,230,205.632,255.71,346,395,345.168,395.367,326,265,324.972,265.545,254,202,255.204,202.601,85,89,84.456,88.515
"6785",62,79,61.824,78.894,10,0,9.982,0,18,60,18.032,59.901,0,0,0,0,13,91,12.88,91.069,44,10,44.114,10.227,41,94,40.894,93.991,69,62,68.908,61.849,18,34,18.032,34.09,47,57,47.012,56.979
"6786",493,449,535.512,471.438,345,334,353.64,347.626,385,225,409.212,238.1,348,301,373.848,300.006,550,451,586.032,476.2,743,726,767.904,723.824,693,768,697.176,800.016,738,689,752.748,714.3,334,287,333.432,285.72,250,402,252.6,400.008
"6787",279,295,309.42,319.555,319,202,328.52,226.52,250,301,248.3,311.465,280,137,278.86,149.665,385,394,393.46,396.41,552,623,588.28,647.2,707,829,718.16,869.675,395,540,401.1,558.21,322,315,324.7,315.51,229,242,229.2,254.835
"6790",2033,1448,2360.61,1698.606,950,835,1206.534,951.966,777,986,891.786,1101.294,755,887,926.758,933.3,1753,1715,1975.918,2090.592,2289,2251,2587.928,2538.576,2946,2769,3042.564,2986.56,2089,2320,2290.666,2613.24,1084,1465,1154.076,1511.946,1004,2207,1031.674,2221.254
"6791",345,176,345.36,178.188,150,186,172.68,195.432,196,243,215.85,275.904,110,102,109.364,100.59,186,141,187.07,140.826,415,405,417.31,422.478,526,579,552.576,597.792,514,469,512.284,468.462,208,168,207.216,178.188,161,319,158.29,319.014
"6793",0,31,2.112,30.899,18,34,30.096,33.814,87,40,153.12,86.284,27,52,26.928,57.717,15,0,14.784,13.992,27,7,26.928,6.996,34,69,36.96,68.794,127,150,127.248,149.831,58,91,58.08,90.948,52,43,52.272,43.142
"6794",53,43,53.472,42.908,54,52,54.029,51.742,26,9,26.179,8.834,0,0,0,0,34,33,33.977,32.812,72,77,72.41,77.613,110,116,110.286,116.104,111,122,111.4,121.783,59,100,59.042,99.698,28,73,38.433,78.875
"6795",947,559,1021.209,585.234,327,521,347.35,578.097,437,388,472.396,406.809,334,268,333.456,278.343,535,845,555.76,842.166,694,712,750.276,799.344,1276,1310,1361.612,1348.893,1052,941,1048.997,956.358,583,542,583.548,556.686,480,787,479.343,785.07
"6796",24,30,24.378,30.36,13,80,12.906,79.948,60,37,60.228,36.938,12,7,11.95,7.084,21,8,21.032,9.108,30,29,30.114,28.842,107,121,107.072,120.934,109,100,108.984,100.188,62,67,62.14,66.792,40,26,40.152,26.312
"6798",491,248,576.984,267.84,333,356,368.076,357.12,317,283,323.31,282.72,277,205,283.518,203.36,347,304,378.024,312.48,497,575,517.296,590.24,952,1113,964.956,1111.04,842,871,845.58,892.8,388,435,387.972,451.36,331,480,333.258,486.08
"6801",1090,906,1223.64,1090.748,564,419,750.87,526.568,620,381,704.52,517.165,374,587,417.15,630.001,890,769,982.62,846.27,1226,1354,1390.5,1504.48,1453,1606,1548.09,1777.167,984,1113,1047.51,1194.181,587,661,621.09,714.628,556,540,565.47,611.195
"6804",752,857,864,970.71,625,487,672,579.02,551,534,584,613.08,488,570,592,647.14,583,617,656,681.2,852,870,960,987.74,1447,1595,1552,1711.515,1133,1060,1200,1072.89,469,586,528,613.08,378,617,392,630.11
"6807",462,433,565.59,546.685,151,134,192.966,151.661,162,123,189.639,176.35,143,117,143.061,130.499,240,260,296.103,328.011,332,411,385.932,500.834,570,517,645.438,652.495,479,433,485.742,493.78,213,240,222.909,268.052,177,276,196.293,289.214
"6810",1932,1804,3152.768,3285.01,476,736,1133.026,1225.75,916,891,1773.432,1544.445,1004,1268,1871.956,1912.17,2871,2654,4556.735,4535.275,2425,2017,4113.377,3432.1,2546,2086,3817.805,3039.86,1782,1826,2315.314,2451.5,813,1143,960.609,1323.81,850,1549,911.347,1740.565
"6811",1192,1489,1390.072,1815.356,427,702,828.128,907.678,655,799,1005.584,1113.19,706,853,828.128,1078.938,1609,1573,2380.868,2312.01,1554,1543,2114.684,2243.506,1827,2064,2203.412,2723.034,1978,2113,2085.108,2397.64,1023,1187,1227.404,1301.576,669,1109,739.4,1215.946
"6812",863,788,906.52,841.44,593,465,636.64,511.876,538,485,546.68,560.96,303,300,380.6,357.612,412,324,498.24,350.6,844,954,878.84,1037.776,1234,1439,1335.56,1507.58,798,909,837.32,925.584,566,490,574.36,518.888,311,411,318.32,413.708
"6820",1675,1814,1778.106,1907.559,1390,932,1481.755,959.049,967,697,1042.338,716.652,179,171,194.161,168.624,382,510,398.541,537.489,1383,1639,1471.536,1791.63,1722,1910,1818.982,2002.41,928,953,970.805,969.588,535,692,541.607,716.652,522,741,521.169,748.269
"6824",1985,2091,2195.858,2230.388,1524,1220,1622.313,1349.025,1586,1773,1802.57,2032.531,837,984,966.833,1187.142,730,999,835.737,1187.142,2159,2167,2326.954,2374.284,2686,2578,2785.79,2823.959,1727,2032,1786.183,2104.479,1106,1308,1114.316,1349.025,876,1291,901.285,1331.038
"6825",1034,1174,1193.472,1363.472,598,699,672.512,827.024,687,974,824.064,1072.896,376,388,530.432,514.096,773,696,890.368,838.2,1147,1204,1269.248,1408.176,1613,1755,1761.792,1866.392,1003,1000,1070.336,1139.952,533,771,568.32,827.024,654,1261,672.512,1318.768
"6830",1194,1188,1623.756,1599.875,836,532,1013.408,703.945,411,566,598.832,767.94,191,342,276.384,499.161,1015,788,1289.792,1151.91,1207,1443,1531.628,1740.664,1782,1608,2188.04,2022.242,1261,1558,1393.436,1791.86,888,1192,932.796,1228.704,628,1254,644.896,1292.699
"6831",871,593,950.268,666.757,459,477,518.328,498.236,424,516,460.736,586.16,209,151,251.965,168.521,545,302,626.313,395.658,739,913,820.686,1077.069,1286,1465,1439.8,1524.016,866,803,921.472,835.278,554,722,619.114,791.316,570,772,590.318,783.989
"6840",1526,1234,1707.164,1359.862,1130,870,1154.556,972.748,853,613,917.724,625.338,259,210,286.172,277.928,388,400,414.456,406.966,991,1379,1085.48,1538.53,1751,1691,1786.108,1905.792,1161,1298,1213.764,1330.084,691,560,730.232,595.56,575,902,572.344,913.192
"6850",615,921,971.418,1260.24,342,277,528.99,430.582,319,231,461.664,546.104,331,315,567.462,420.08,1308,1316,1625.442,1659.316,1087,1158,1461.936,1659.316,1164,1223,1452.318,1575.3,1130,1133,1413.846,1407.268,574,688,634.788,808.654,399,700,490.518,745.642
"6851",1459,1082,1946.907,1440.5,630,564,866.871,763.465,568,305,724.761,460.96,469,382,554.229,518.58,1212,1355,1747.953,1670.98,1711,1889,2174.283,2578.495,2372,2037,2756.934,2506.47,1320,1539,1548.999,1843.84,789,1012,881.082,1123.59,869,1345,1008.981,1483.715
"6853",365,241,374.79,258.678,101,97,101.866,141.657,60,41,59.582,86.226,37,25,36.518,24.636,167,151,167.214,149.869,297,274,315.208,275.102,195,299,194.122,307.95,367,443,374.79,447.554,198,244,197.966,242.254,100,102,99.944,112.915
"6854",1034,727,1614.312,1388.432,302,221,640.6,596.896,217,273,486.856,557.968,376,412,717.472,648.8,1413,1750,2075.544,2530.32,1634,1517,2447.092,2413.536,1449,863,2062.732,1440.336,872,1175,1447.756,1777.712,516,459,832.78,843.44,433,625,486.856,791.536
"6855",261,313,312.752,338.821,141,48,170.592,66.367,80,55,106.62,94.311,152,154,181.254,181.636,465,331,515.33,471.555,447,392,536.654,412.174,649,641,710.8,677.642,437,498,497.56,611.275,215,170,298.536,195.608,209,412,223.902,436.625
"6870",659,669,818.55,711.48,302,266,371.076,283.14,222,145,221.918,174.24,153,68,163.71,68.97,102,157,123.692,188.76,469,601,571.166,689.7,589,607,640.288,689.7,311,320,312.868,348.48,216,233,225.556,246.84,190,221,189.176,228.69
"6877",1814,1375,1972.894,1561.625,1220,1057,1298.924,1124.37,1010,890,1041.59,949.468,356,417,355.366,437.255,576,581,673.97,724.594,1464,1692,1580.766,1823.978,2205,2417,2254.736,2511.093,1651,1467,1703.306,1524.146,712,776,722.986,787.059,670,1058,673.97,1061.905
"6878",603,418,674.058,595.548,422,439,463.962,574.578,364,201,455.208,213.894,94,120,140.064,130.014,256,192,319.521,209.7,434,423,507.732,595.548,662,762,752.844,868.158,444,414,520.863,436.176,256,331,258.243,335.52,287,236,297.636,234.864
"6880",1543,1794,1717.478,2012.112,1144,1097,1345.785,1299.489,950,759,1012.543,852.353,328,261,346.059,293.433,486,638,499.863,712.623,1394,1709,1473.955,1872.382,2138,2420,2319.877,2794.6,1962,1666,2025.086,1830.463,986,1102,1038.177,1173.732,998,1126,1025.36,1145.786
"6883",658,543,777.936,610.2,509,605,609.042,645.795,501,492,511.8,533.925,162,83,168.894,96.615,126,166,138.186,167.805,690,680,701.166,747.495,936,1025,1018.482,1083.105,614,610,644.868,630.54,301,348,312.198,350.865,237,220,245.664,228.825
"6890",321,233,326.961,238.368,190,192,190.193,194.82,140,152,156.001,153.564,75,52,74.795,52.716,97,145,98.302,146.688,289,334,316.276,350.676,318,348,320.55,364.428,287,255,314.139,281.916,161,224,162.412,233.784,173,269,181.645,281.916
"6896",587,396,606.786,427.984,366,400,386.936,446.592,255,277,329.775,358.204,107,93,105.528,93.04,142,123,140.704,120.952,406,500,430.906,544.284,843,976,923.37,1023.44,706,695,703.52,716.408,385,442,400.127,441.94,369,482,369.348,483.808
"6897",1283,1357,1482.432,1599.192,844,714,952.992,771.039,658,664,705.92,704.406,279,237,317.664,237.975,199,386,308.84,504.507,1040,1228,1200.064,1342.179,1500,1681,1561.848,1837.167,1244,1051,1288.304,1123.242,507,503,529.44,599.697,448,766,494.144,818.634
"6901",97,146,345.436,414.846,165,13,246.74,101.892,102,48,250.536,61.863,173,213,345.436,262.008,602,527,1157.78,920.667,256,262,478.296,436.68,239,174,466.908,476.709,140,160,250.536,374.817,71,131,170.82,309.315,58,176,79.716,276.564
"6902",1731,1522,4476.44,4277.26,922,825,2007.815,2007.022,757,498,2172.39,1480.59,1136,994,2896.52,2007.022,2684,2428,6977.98,6021.066,2577,2162,5628.465,4869.496,1718,2075,3456.075,4474.672,1674,1939,2633.2,3092.788,866,1078,1415.345,1842.512,1043,2226,1283.685,2829.572
"6903",904,934,958.77,1018.175,580,432,672.57,512.75,393,346,407.835,366.25,210,204,243.27,219.75,305,373,343.44,402.875,911,907,1037.475,1040.15,1417,1445,1452.465,1589.525,847,729,965.925,827.725,427,539,493.695,556.7,554,753,586.71,798.425
"6905",861,746,1087.852,967.883,343,313,500.061,488.733,455,266,561.472,392.903,331,273,386.012,459.984,865,1046,1324.723,1494.948,1061,1176,1421.226,1447.033,1048,1164,1333.496,1590.778,893,907,1026.441,1015.798,468,581,543.926,709.142,529,952,579.018,1015.798
"6906",277,329,487.305,480.036,114,148,233.415,268.644,214,154,307.125,229.008,177,88,229.32,162.948,602,416,909.09,836.76,430,516,593.775,616.56,458,460,577.395,612.156,348,575,397.215,673.812,179,277,249.795,356.724,82,129,110.565,167.352
"6907",384,373,649.555,474.6,180,145,259.025,264.6,73,196,171.355,243.6,95,127,107.595,184.8,517,442,653.54,613.2,453,508,689.405,705.6,647,599,753.165,726.6,281,366,326.77,420,259,291,259.025,298.2,114,261,115.565,268.8
